name,type,properties
service_1,microservice,"{""interfaces"": [""package_3.package_15.interface_35"", ""package_3.package_16.interface_36""], ""parameters"": {""CapsuleAttachTimeout"": 2.0, ""CartridgeDefrostCoordinates"": 0.005, ""CassetteGripperCoolingInCapsuleTime"": 0.1, ""CassetteInCapsuleDetectionTimeout"": 5.0, ""DockerCycleDelay"": 3.0, ""GrabAndDragDistance"": 0.0018, ""MismatchDataStep"": 0.0001, ""SlotDistance"": 0.0035, ""TomoGridFineTuneAdjustHardLimit"": 0.0003, ""WaitForUser"": 5.0, ""package_12KeySensorName"": ""Compupackage_5 holder tip"", ""package_3KeySensorName"": ""Docker""}}"
service_2,microservice,"{""interfaces"": [""package_17.interface_37""], ""parameters"": {""CompartmentName"": ""package_3"", ""Compartmentpackage_17Sensors"": {""Cartridge"": ""Cartridge gripper"", ""Cassette"": ""Cassette gripper"", ""Docker"": ""Docker"", ""package_3Dewar"": ""Dewar""}}}"
service_3,microservice,"{""interfaces"": [""package_3.package_4.interface_38"", ""package_3.package_4.interface_5"", ""package_3.package_4.interface_39"", ""package_3.package_18.interface_38""], ""parameters"": {""CartridgeArm"": {""ArmExtendedStatePrimitiveName"": ""CartridgeArmExtended_State"", ""ArmHomedStatePrimitiveName"": ""CartridgeArmHomed_State"", ""ArmMoveAllowedStatePrimitiveName"": ""CRT_AA_State"", ""Armpackage_7TimeoutInS"": 60, ""AxisName"": ""X"", ""package_17Compensation"": -9.7e-07}, ""CartridgeGripper"": {""GripperCommandPrimitiveName"": ""CartridgeGripper_Command"", ""GripperName"": ""CartridgeGripper"", ""GripperStatePrimitiveName"": ""CartridgeGripper_State"", ""GripperTimeoutInS"": 5}, ""CartridgeGripperDetector"": {""DetectorCommandPrimitiveName"": ""CartridgeDetect_Command"", ""DetectorName"": ""CartridgeGripperDetector"", ""DetectorStatePrimitiveName"": ""CartridgeDetect_State"", ""DetectorTimeoutInS"": 5}, ""CassetteArm"": {""ArmExtendedStatePrimitiveName"": ""CassetteArmExtended_State"", ""ArmHomedStatePrimitiveName"": ""CassetteArmHomed_State"", ""ArmMoveAllowedStatePrimitiveName"": ""CAS_AA_State"", ""Armpackage_7TimeoutInS"": 60, ""AxisName"": ""Z""}, ""CassetteGripper"": {""GripperCommandPrimitiveName"": ""CassetteGripper_Command"", ""GripperFilledStatePrimitiveName"": ""CassetteGripperFilled_State"", ""GripperName"": ""CassetteGripper"", ""GripperStatePrimitiveName"": ""CassetteGripper_State"", ""GripperTimeoutInS"": 5}, ""CassetteGripperDetector"": {""DetectorName"": ""CassetteGripperDetector"", ""DetectorStatePrimitiveName"": ""CassetteGripperFilled_State""}, ""CollisionPrevention"": {""HomeOffsetTolerance"": 0.003}, ""Docker"": {""DockerCommandPrimitiveName"": ""Docker_Command"", ""DockerName"": ""Docker"", ""DockerStatePrimitiveName"": ""Docker_State"", ""DockerTimeoutInS"": 5}, ""LoadPort"": {""CapsuleFilledStatePrimitiveName"": ""CapsuleFilled_State"", ""CapsuleLockCommandPrimitiveName"": ""CapsuleLock_Command"", ""CapsuleLockStatePrimitiveName"": ""CapsuleLock_State"", ""CapsulePresenceStatePrimitiveName"": ""CapsulePresence_State"", ""LoadLockTimeoutInS"": 20, ""LoadPortName"": ""LoadPort"", ""VacCapCassettePresencePrimitiveName"": ""VacCap_Cassette_Presence""}, ""ScuApplicationName"": ""package_3"", ""SensorVoltMeter"": {""EmitterCommandPrimitiveName"": ""CartridgeDetectEmitter_Command"", ""EmitterStatePrimitiveName"": ""CartridgeDetectEmitter_State"", ""EmitterTimeoutInS"": 5, ""OpticalSensorVoltMeterChannelName"": ""CartridgeDetectDetectorVoltage"", ""OpticalSensorVoltMeterName"": ""OpticalSensor"", ""VoltageScalingFactor"": 5.0}, ""package_11Capsule"": {""CommandTimeout"": 5, ""DriverStatePrimitiveName"": ""VacCap_DriverState"", ""EepromCommandPrimitiveName"": ""VacCap_I2C_Command"", ""EepromDataPrimitiveName"": ""VacCap_I2C_Data"", ""EepromOpResultPrimitiveName"": ""VacCap_I2C_OperationResult"", ""EepromPagePrimitiveName"": ""VacCap_I2C_Page"", ""EepromStatePrimitiveName"": ""VacCap_I2C_State"", ""package_11CapsuleName"": ""package_11Capsule""}, ""package_18CartridgeSensorMeasurement"": {""DockerSafetyMargin"": 0.0}}}"
service_4,microservice,"{""interfaces"": [], ""parameters"": {""CartridgeAxisName"": ""X"", ""CassetteAxisName"": ""Z""}}"
service_5,microservice,"{""interfaces"": [""package_19.package_20.package_21.interface_40""], ""parameters"": {""ProtoServerAddress"": ""0.0.0.0:5101""}}"
service_6,microservice,"{""interfaces"": [""package_22.interface_41""], ""parameters"": null}"
service_7,microservice,"{""interfaces"": [""package_3.package_10.interface_42"", ""package_3.package_10.interface_43""], ""parameters"": {""package_12CompartmentName"": ""package_12"", ""package_3CompartmentName"": ""package_3""}}"
service_8,microservice,"{""interfaces"": [""package_3.package_10.interface_43""], ""parameters"": {""IsCanBased"": false, ""package_11"": {""PumpMicroscopeDelay"": 0.1, ""TmpSpeedChangeDelay"": 2.0, ""ValveOpenCloseDelay"": 0.1, ""VentMicroscopeDelay"": 0.1, ""package_11ExtensionKitPresence"": true}, ""package_17System"": {""SafetyValveParams"": {""CloseTime"": 0.1, ""OpenTime"": 0.1}, ""Sensors"": {""CartridgeGripper"": {""ConstantChangeFactor"": 16, ""Delay"": 0.2}, ""CassetteGripper"": {""ConstantChangeFactor"": 16, ""Delay"": 0.2}, ""CryoBox"": {""ConstantChangeFactor"": 16, ""Delay"": 0.2}, ""Docker"": {""ConstantChangeFactor"": 16, ""Delay"": 0.2}, ""HolderTip"": {""ConstantChangeFactor"": 16, ""Delay"": 0.2}, ""package_12Dewar"": {""ConstantChangeFactor"": 20, ""Delay"": 0.2}, ""package_3Dewar"": {""ConstantChangeFactor"": 20, ""Delay"": 0.2}}, ""package_12Dewar"": {""FillingParams"": {""LevelA"": 0.7, ""LevelB"": 0.85, ""LevelC"": 0.9, ""LevelFull"": 0.95, ""LevelLow"": 0.4, ""LevelNearLow"": 0.5, ""LevelStop"": 1.0, ""TimeoutA"": 10, ""TimeoutB"": 0.1, ""TimeoutC"": 0.1, ""TimeoutD"": 0.2}, ""HwParams"": {""Coolingpackage_17"": 77.35, ""EvaporationSpeed"": 0.002, ""FillingDelay"": 0.2, ""FillingSpeed"": 0.15, ""HeatedEvaporationSpeed"": 0.1}, ""ValveParams"": {""CloseTime"": 0.1, ""OpenTime"": 0.1}, ""WarmUpParams"": {""WarmUpDifference"": 1, ""WarmUppackage_17"": 287.65}, ""package_21Params"": {""HalfSpeedTreshold"": 253.15, ""StopThreshold"": 303.15}}, ""package_3Dewar"": {""FillingParams"": {""LevelA"": 0.7, ""LevelB"": 0.85, ""LevelC"": 0.9, ""LevelFull"": 0.95, ""LevelLow"": 0.1, ""LevelNearLow"": 0.2, ""LevelStop"": 1.0, ""TimeoutA"": 10, ""TimeoutB"": 0.1, ""TimeoutC"": 0.1, ""TimeoutD"": 0.2}, ""HwParams"": {""Coolingpackage_17"": 77.35, ""EvaporationSpeed"": 0.002, ""FillingDelay"": 0.2, ""FillingSpeed"": 0.15, ""HeatedEvaporationSpeed"": 0.1}, ""ValveParams"": {""CloseTime"": 0.1, ""OpenTime"": 0.1}, ""WarmUpParams"": {""WarmUpDifference"": 1, ""WarmUppackage_17"": 287.65}, ""package_21Params"": {""HalfSpeedTreshold"": 253.15, ""StopThreshold"": 303.15}}}, ""package_3package_4"": {""CartridgeArmPositions"": {""CoolingHammerDetach"": 0.001, ""DetectBegin"": 0.004, ""DetectEnd"": 0.003, ""Docker"": 0.018, ""GrabAndDrag"": 0.0162, ""NearTransfer"": 0.28, ""Park"": 0.0, ""PositionCompareTolerance"": 0.0001, ""Transfer"": 0.29, ""Valco"": 0.1}, ""CartridgeAxis"": {""AxisName"": ""X"", ""ExtendedDetectDistance"": 0.18, ""HomeDetectDistance"": 0.003, ""MoveDelay"": 0.01, ""MoveSpeed"": 10.0, ""Smoothpackage_7MaxResolution"": 0.005, ""Smoothpackage_7MaxUpdateFrequency"": 10.0}, ""CartridgeGripper"": {""OpenTime"": 0.01}, ""CassetteArmPositions"": {""Capsule"": 0.19, ""NumberOfSlots"": 12, ""Park"": 0.0, ""PositionCompareTolerance"": 0.0001, ""Slot12"": 0.044, ""SlotDistance"": -0.0035, ""Valak"": 0.1, ""Vcal"": 0.12}, ""CassetteAxis"": {""AxisName"": ""Z"", ""ExtendedDetectDistance"": 0.1, ""HomeDetectDistance"": 0.003, ""MoveDelay"": 0.01, ""MoveSpeed"": 10.0, ""Smoothpackage_7MaxResolution"": 0.005, ""Smoothpackage_7MaxUpdateFrequency"": 10.0}, ""CassetteGripper"": {""OpenTime"": 0.01}, ""Docker"": {""CassetteDetectionTime"": 0.01, ""OpenTime"": 0.01}, ""LoadPort"": {""CassetteDetectionTime"": 0.01, ""LockTime"": 0.01}}, ""package_5"": {""Arctispackage_5"": false, ""AxisMasks"": {""Rx"": 8, ""Ry"": 16, ""X"": 1, ""Y"": 2, ""Z"": 4}, ""ExchangePositions"": {""Exchange"": {""Rx"": -0.0173266622838001, ""Ry"": 0.0, ""X"": 0.00024999328, ""Y"": 0.000138014818, ""Z"": 1.999662e-05, ""package_17"": 300.0}, ""HighClamp"": {""Rx"": -0.0173266622838001, ""Ry"": 0.0, ""X"": 0.00024999328, ""Y"": -1.1985182e-05, ""Z"": 1.999662e-05, ""package_17"": 300.0}, ""LowClamp"": {""Rx"": -0.0173266622838001, ""Ry"": 0.0, ""X"": 0.00024999328, ""Y"": -1.1985182e-05, ""Z"": -0.00018000338, ""package_17"": 300.0}, ""PositionCompareTolerance"": 1e-06, ""PostLoad"": {""Rx"": 0.0, ""Ry"": 0.0, ""X"": 0.0, ""Y"": 0.0, ""Z"": 0.0, ""package_17"": 300.0}, ""PreLoad"": {""Rx"": -0.104593124883517, ""Ry"": 0.0, ""X"": 0.00027999328, ""Y"": 0.000168014818, ""Z"": -0.00021000338, ""package_17"": 300.0}, ""package_17Compensations"": {""CartridgeArmCompensation"": 9.7e-07, ""package_5Compensation"": 3.8e-07}}, ""package_5Range"": {""Rx"": {""Max"": 0.2618, ""Min"": -0.2618}, ""Ry"": {""Max"": 0.1, ""Min"": -0.1}, ""X"": {""Max"": 0.0015, ""Min"": -0.0015}, ""Y"": {""Max"": 0.0015, ""Min"": -0.0015}, ""Z"": {""Max"": 0.00075, ""Min"": -0.00075}}, ""package_5Speeds"": {""Delay"": 1, ""Rx"": 0.314, ""Ry"": 0.314, ""X"": 0.0001, ""Y"": 0.0001, ""Z"": 0.0001}}}}"
service_9,microservice,"{""interfaces"": [""package_3.interface_7"", ""package_3.package_5.interface_5""], ""parameters"": {""package_17CompensationX"": -3.8e-07, ""package_5ClientName"": ""package_3package_6package_5""}}"
service_10,microservice,"{""interfaces"": [], ""parameters"": null}"
service_11,microservice,"{""interfaces"": [""package_3.package_17.interface_44"", ""package_3.package_17.interface_45"", ""package_3.package_17.interface_46"", ""package_3.package_17.interface_47"", ""package_3.package_17.interface_48""], ""parameters"": {""AutoFillVibrationSourceCfg"": {""OnPrepareDewarRefillMaximumLevel"": 0.7, ""RefillTimeout"": 3600, ""VibratingSoonDewarLevel"": 0.13}, ""AutoHeaterStartTimeout"": 180.0, ""AutofillStartTimeout"": 180.0, ""AveragingCount"": 5, ""CompartmentName"": ""package_3"", ""Cryo"": {""Threshold"": 118.0, ""Timeout"": 28800.0}, ""CryoCycle"": {""Threshold"": 228.0, ""Timeout"": 43200.0}, ""CryoCycleRecommendation"": {""MaxTimeBeforeRecommended"": 3600.0, ""MaxValidpackage_17"": 120.0, ""RecommendAtpackage_17"": 95.0, ""SamplingPeriod"": 2.0, ""Stablepackage_17Tolerance"": 0.1, ""Stablepackage_17sRequired"": 4, ""StronglyRecommendAtpackage_17"": 98.0}, ""DewarEmptyLevel"": 0.05, ""DewarTimeMinimalDelta"": 30.0, ""DewarTimePerPercent"": 5.0, ""DewarTimePerPercentSquared"": 0.0, ""DewarTimeReestimateInterval"": 10.0, ""FillingStartTimeout"": 1800.0, ""FillingTimeout"": 1800.0, ""KeySensorName"": ""Docker"", ""LoggedSensors"": [{""HmName"": ""package_3Dewarpackage_17"", ""MinLogDelay"": 0.5, ""SensorName"": ""Dewar""}, {""HmName"": ""CartridgeGripperpackage_17"", ""MinLogDelay"": 0.5, ""SensorName"": ""Cartridge gripper""}, {""HmName"": ""CassetteGripperpackage_17"", ""MinLogDelay"": 0.5, ""SensorName"": ""Cassette gripper""}, {""HmName"": ""Dockerpackage_17"", ""MinLogDelay"": 0.5, ""SensorName"": ""Docker""}, {""HmName"": ""package_3DewarLevel"", ""MinLogDelay"": 1.0, ""SensorName"": ""Dewar level""}], ""RecoverOnStartup"": true, ""Room"": {""Threshold"": 288.0, ""Timeout"": 86400.0}, ""SamplingPeriod"": 1.0, ""ThreadStartupDelay"": 30, ""Toleratedpackage_17Errors"": 3}}"
service_12,microservice,"{""interfaces"": [""package_3.package_17.interface_49"", ""package_3.package_17.interface_50"", ""package_3.package_17.interface_51""], ""parameters"": {""ApplicationName"": ""package_3"", ""Compartment"": {""AutoFill"": {""CommandName"": ""DewarAutoFill_Command"", ""CommandTimeout"": 3.0, ""Name"": ""AutoFill package_3"", ""StateName"": ""DewarAutoFill_State""}, ""AutoHeat"": {""CommandName"": ""DewarAutoHeater_Command"", ""CommandTimeout"": 3.0, ""Name"": ""AutoHeat package_3"", ""StateName"": ""DewarAutoHeater_State""}, ""DewarEmptyLevel"": 0.05, ""Filling"": {""CommandName"": ""DewarFill_Command"", ""CommandTimeout"": 1260.0, ""Name"": ""Filling package_3"", ""StateName"": ""DewarFill_State""}, ""Keypackage_17Sensor"": ""Docker"", ""LevelProbe"": {""Adc"": ""DewarLevel"", ""Dm"": ""DewarLevel_DM"", ""State"": ""DewarLevel_State""}, ""Name"": ""package_3"", ""RecoverAutofillBelowpackage_17"": 137.0, ""SralReset"": {""CommandPrimitiveName"": ""SRALReset_Command"", ""CommandTimeout"": 3.0, ""Name"": ""SRAL reset package_3"", ""StatePrimitiveName"": ""SRALReset_State""}}, ""DewarTripLevels"": {""CompartmentName"": ""package_3"", ""FillPossible"": {""Hysteresis"": 2.0, ""Name"": ""FillPossible"", ""Primitive"": ""DewarLevel_FillPossible_TM""}, ""Full"": {""Name"": ""Full"", ""Primitive"": ""DewarLevel_Full""}, ""Low"": {""Hysteresis"": 2.0, ""Name"": ""Low"", ""Primitive"": ""DewarLevel_Low_TM""}, ""SafetyValveCheck"": {""Name"": ""SafetyValveCheck"", ""Primitive"": ""DewarLevel_SafetyCheck""}, ""SafetyValveCheckMax"": {""Name"": ""SafetyValveCheckMax"", ""Primitive"": ""DewarLevel_SafetyCheckMax""}, ""Stop"": {""Name"": ""Stop"", ""Primitive"": ""DewarLevel_Stop""}}, ""ErrorHandling"": {""ClearTimeout"": 2.0, ""FillingCommandName"": ""DewarFill_Command"", ""FillingStateName"": ""DewarFill_State"", ""FirmwareErrors"": {""ActualStateName"": ""Actualpackage_17ApplicationErrors_State"", ""ClearCommandName"": ""ClearLatchedpackage_17ApplicationErrors_Command"", ""LatchedStateName"": ""Latchedpackage_17ApplicationErrors_State""}, ""SralErrors"": {""ActualStateName"": ""SRAL_REG_Read"", ""ClearCommandName"": """", ""LatchedStateName"": """"}}, ""LN2MainValve"": {""CommandPrimitiveName"": ""LN2MainValve_Command"", ""Name"": ""LN2 MainValve"", ""StatePrimitiveName"": ""LN2MainValve_State"", ""Timeout"": 2.0}, ""LN2SafetyValve"": {""CommandPrimitiveName"": ""LN2SafetyValve_Command"", ""Name"": ""LN2 SafetyValve"", ""StatePrimitiveName"": ""LN2SafetyValve_State"", ""Timeout"": 2.0}, ""LN2Timeouts"": {""CompartmentName"": ""package_3"", ""MainValveCheck"": {""Name"": ""MainValveCheck"", ""Primitive"": ""DewarTimeout_MainValveCheck""}, ""SafetyValveCheck"": {""Name"": ""SafetyValveCheck"", ""Primitive"": ""DewarTimeout_SafetyValveCheck""}, ""StabilizationBeforeCheck"": {""Name"": ""StabilizationBeforeCheck"", ""Primitive"": ""DewarTimeout_LevelStabilization""}, ""TenPercentInrease"": {""Name"": ""TenPercentInrease"", ""Primitive"": ""DewarTimeout_LevelIncrease""}}, ""LifecycleWatchdogConfiguration"": {""CommWatchdogCommandName"": ""CommWatchdog_Command"", ""CommWatchdogCurrentTimeName"": ""CommWatchdog_CurrentTime"", ""CommWatchdogMaxTimeName"": ""CommWatchdog_MaxTime"", ""CommWatchdogStateName"": ""CommWatchdog_State"", ""CommWatchdogTimerResetPeriod"": 20.0}, ""package_17Sensors"": [{""Adc"": ""Dewarpackage_17"", ""Mandatory"": true, ""Name"": ""Dewar"", ""State"": ""Dewarpackage_17_State""}, {""Adc"": ""Dockerpackage_17"", ""Mandatory"": true, ""Name"": ""Docker"", ""State"": ""Dockerpackage_17_State""}, {""Adc"": ""CartridgeGripperpackage_17"", ""Mandatory"": false, ""Name"": ""Cartridge gripper"", ""State"": ""CartridgeGripperpackage_17_State""}, {""Adc"": ""CassetteGripperpackage_17"", ""Mandatory"": false, ""Name"": ""Cassette gripper"", ""State"": ""CassetteGripperpackage_17_State""}]}}"
service_13,microservice,"{""interfaces"": [""package_3.package_11.package_13.interface_52""], ""parameters"": {""AppName"": ""package_3"", ""ExtensionKit"": {""StateName"": ""ExtensionKit_State""}, ""InterlockFreeMode"": {""CommandName"": ""package_11InterlockFreeMode_Command"", ""StateName"": ""package_11InterlockFreeMode_State""}, ""LoadPort"": {""CapsuleDataStatePrimitiveName"": ""VacCap_State"", ""CapsuleDriverStatePrimitiveName"": ""VacCap_DriverState"", ""CapsuleLockStatePrimitiveName"": ""CapsuleLock_State"", ""CapsulePresenceStatePrimitiveName"": ""CapsulePresence_State""}, ""OPal"": {""StateName"": ""OPal_State""}, ""PIRdwGauge"": {""HighTM"": ""PIRdwPressure_High_TM"", ""Hysteresis"": 1e-06, ""LowTM"": ""PIRdwPressure_Low_TM"", ""MediumTM"": ""PIRdwPressure_Medium_TM"", ""OverflowTM"": ""PIRdwPressure_Overflow_TM"", ""PressureAdcDmName"": ""PIRdwPressure_DM"", ""PressureAdcName"": ""PIRdwPressure"", ""StateName"": ""PIRdwPressure_State"", ""UnderflowTM"": ""PIRdwPressure_Underflow_TM""}, ""PIRllGauge"": {""HighTM"": ""PIRllPressure_High_TM"", ""Hysteresis"": 1e-06, ""LowTM"": ""PIRllPressure_Low_TM"", ""MediumTM"": ""PIRllPressure_Medium_TM"", ""OverflowTM"": ""PIRllPressure_Overflow_TM"", ""PressureAdcDmName"": ""PIRllPressure_DM"", ""PressureAdcName"": ""PIRllPressure"", ""StateName"": ""PIRllPressure_State"", ""UnderflowTM"": ""PIRllPressure_Underflow_TM""}, ""PPalGauge"": {""HighTM"": ""PPalPressure_High_TM"", ""Hysteresis"": 1e-06, ""LowTM"": ""PPalPressure_Low_TM"", ""MediumTM"": ""PPalPressure_Medium_TM"", ""OverflowTM"": ""PPalPressure_Overflow_TM"", ""PressureAdcDmName"": ""PPalPressure_DM"", ""PressureAdcName"": ""PPalPressure"", ""StateName"": ""PPalPressure_State"", ""UnderflowTM"": ""PPalPressure_Underflow_TM""}, ""PVPal"": {""AllowFullSpeed"": {""Applied"": false, ""Name"": """"}, ""AllowZeroSpeed"": {""Applied"": true, ""Name"": ""PVPalStopAllowed_State""}, ""CommandName"": ""PVPal_Command"", ""StateName"": ""PVPal_State"", ""Timeout"": 10}, ""TMPal"": {""CommandName"": ""TMPal_Command"", ""FullSpeedAllowed"": {""Applied"": true, ""Name"": ""TMPalGoToStandbyFullSpeedAllowed_State""}, ""RecoverAllowed"": {""Applied"": true, ""Name"": ""TMPalGoToRecoverAllowed_State""}, ""SpeedAdc"": ""TMPalSpeed"", ""SpeedDM"": ""TMPalSpeed_DM"", ""StandBySpeedAllowed"": {""Applied"": true, ""Name"": ""TMPalGoToStandbyFullSpeedAllowed_State""}, ""StateName"": ""TMPal_State"", ""ZeroSpeedAllowed"": {""Applied"": true, ""Name"": ""TMPalGoToZeroSpeedAllowed_State""}}, ""VadValve"": {""AllowClose"": {""Applied"": false, ""Name"": """"}, ""AllowOpen"": {""Applied"": true, ""Name"": ""VadOpenAllowed_State""}, ""CommandName"": ""Vad_Command"", ""StateName"": ""Vad_State"", ""Timeout"": 10}, ""ValakValve"": {""AllowClose"": {""Applied"": true, ""Name"": ""ValakCloseAllowed_State""}, ""AllowOpen"": {""Applied"": true, ""Name"": ""ValakOpenAllowed_State""}, ""CommandName"": ""Valak_Command"", ""StateName"": ""Valak_State"", ""Timeout"": 10}, ""ValcoValve"": {""AllowClose"": {""Applied"": true, ""Name"": ""ValcoCloseAllowed_State""}, ""AllowOpen"": {""Applied"": true, ""Name"": ""ValcoOpenAllowed_State""}, ""CommandName"": ""Valco_Command"", ""StateName"": ""Valco_State"", ""Timeout"": 10}, ""ValtValve"": {""AllowClose"": {""Applied"": false, ""Name"": """"}, ""AllowOpen"": {""Applied"": true, ""Name"": ""ValtOpenAllowed_State""}, ""CommandName"": ""Valt_Command"", ""StateName"": ""Valt_State"", ""Timeout"": 10}, ""VcalValve"": {""AllowClose"": {""Applied"": true, ""Name"": ""VcalCloseAllowed_State""}, ""AllowOpen"": {""Applied"": true, ""Name"": ""VcalOpenAllowed_State""}, ""CommandName"": ""Vcal_Command"", ""StateName"": ""Vcal_State"", ""Timeout"": 10}, ""Vn2alValve"": {""AllowClose"": {""Applied"": false, ""Name"": """"}, ""AllowOpen"": {""Applied"": true, ""Name"": ""Vn2alOpenAllowed_State""}, ""CommandName"": ""Vn2al_Command"", ""StateName"": ""Vn2al_State"", ""Timeout"": 10}, ""VtllValve"": {""AllowClose"": {""Applied"": false, ""Name"": """"}, ""AllowOpen"": {""Applied"": true, ""Name"": ""VtllOpenAllowed_State""}, ""CommandName"": ""Vtll_Command"", ""StateName"": ""Vtll_State"", ""Timeout"": 10}, ""VtpalValve"": {""AllowClose"": {""Applied"": true, ""Name"": ""VtpalCloseAllowed_State""}, ""AllowOpen"": {""Applied"": true, ""Name"": ""VtpalOpenAllowed_State""}, ""CommandName"": ""Vtpal_Command"", ""StateName"": ""Vtpal_State"", ""Timeout"": 10}, ""VvllValve"": {""AllowClose"": {""Applied"": false, ""Name"": """"}, ""AllowOpen"": {""Applied"": true, ""Name"": ""VvllOpenAllowed_State""}, ""CommandName"": ""Vvll_Command"", ""StateName"": ""Vvll_State"", ""Timeout"": 10}, ""package_3DewarWarmedUp"": {""Dewarpackage_17Adc"": ""Dewarpackage_17"", ""TripMonitorName"": ""Dewarpackage_17_WarmedUp_TM""}}}"
service_14,microservice,"{""interfaces"": [""package_3.interface_27"", ""package_3.interface_2"", ""package_3.interface_53""], ""parameters"": {""CoverOffValakOpenDelay"": 10, ""LoadLockParams"": {""CapsulePressureCheckStabilisationTime"": 0.5, ""LoadLockPressureStabilisationTime"": 0.5, ""WarningCapsuleLeakagePressure"": 0.5}, ""OffParams"": {""VtpalOperationTime"": 20}, ""PumpParams"": {""OpenValtDelay"": 0.1, ""OpenVtpalDelay"": 0.1}, ""RecoverParams"": {""TmpRecoverTimeout"": 5.0}, ""StabilizePressureDelay"": 0.1, ""VentParams"": {""MaxVn2alOpenTime"": 0.1, ""TmpDecelerationTime"": 120, ""VtpalOperationTime"": 20}, ""VibrationParams"": {""VibratingNeededThreshold"": 0.2965, ""VibratingSoonThreshold"": 0.2865}, ""WatchdogInterval"": 1}}"
service_15,microservice,"{""interfaces"": [""package_17.interface_37""], ""parameters"": {""CompartmentName"": ""package_12"", ""Compartmentpackage_17Sensors"": {""Holder"": ""Compupackage_5 holder tip"", ""package_12Dewar"": ""Dewar""}}}"
service_16,microservice,"{""interfaces"": [""package_3.package_17.interface_44"", ""package_3.package_17.interface_45"", ""package_3.package_17.interface_46"", ""package_3.package_17.interface_47"", ""package_3.package_17.interface_48""], ""parameters"": {""AutoFillVibrationSourceCfg"": {""OnPrepareDewarRefillMaximumLevel"": 0.7, ""RefillTimeout"": 3600, ""VibratingSoonDewarLevel"": 0.43}, ""AutoHeaterStartTimeout"": 180.0, ""AutofillStartTimeout"": 180.0, ""AveragingCount"": 5, ""CompartmentName"": ""package_12"", ""Cryo"": {""Threshold"": 118.0, ""Timeout"": 28800.0}, ""CryoCycle"": {""Threshold"": 280.0, ""Timeout"": 43200.0}, ""CryoCycleRecommendation"": {""MaxTimeBeforeRecommended"": 3600.0, ""MaxValidpackage_17"": 0.0, ""RecommendAtpackage_17"": 0.0, ""SamplingPeriod"": 0, ""Stablepackage_17Tolerance"": 0.1, ""Stablepackage_17sRequired"": 0, ""StronglyRecommendAtpackage_17"": 0.0}, ""DewarEmptyLevel"": 0.05, ""DewarTimeMinimalDelta"": 30.0, ""DewarTimePerPercent"": 5.0, ""DewarTimePerPercentSquared"": 0.0, ""DewarTimeReestimateInterval"": 10.0, ""FillingStartTimeout"": 1800.0, ""FillingTimeout"": 1800.0, ""KeySensorName"": ""Compupackage_5 holder tip"", ""LoggedSensors"": [{""HmName"": ""package_12Dewarpackage_17"", ""MinLogDelay"": 0.5, ""SensorName"": ""Dewar""}, {""HmName"": ""Holderpackage_17"", ""MinLogDelay"": 0.5, ""SensorName"": ""Compupackage_5 holder tip""}, {""HmName"": ""package_12DewarLevel"", ""MinLogDelay"": 1.0, ""SensorName"": ""Dewar level""}], ""RecoverOnStartup"": true, ""Room"": {""Threshold"": 288.0, ""Timeout"": 28800.0}, ""SamplingPeriod"": 1.0, ""ThreadStartupDelay"": 30, ""Toleratedpackage_17Errors"": 3}}"
service_17,microservice,"{""interfaces"": [""package_3.package_17.interface_49"", ""package_3.package_17.interface_50"", ""package_3.package_17.interface_51""], ""parameters"": {""ApplicationName"": ""package_12Dewar"", ""Compartment"": {""AutoFill"": {""CommandName"": ""DewarAutoFill_Command"", ""CommandTimeout"": 3.0, ""Name"": ""AutoFill package_3"", ""StateName"": ""DewarAutoFill_State""}, ""AutoHeat"": {""CommandName"": ""DewarAutoHeater_Command"", ""CommandTimeout"": 3.0, ""Name"": ""AutoHeat package_3"", ""StateName"": ""DewarAutoHeater_State""}, ""DewarEmptyLevel"": 0.05, ""Filling"": {""CommandName"": ""DewarFill_Command"", ""CommandTimeout"": 1260.0, ""Name"": ""Filling package_3"", ""StateName"": ""DewarFill_State""}, ""Keypackage_17Sensor"": ""Compupackage_5 holder tip"", ""LevelProbe"": {""Adc"": ""DewarLevel"", ""Dm"": ""DewarLevel_DM"", ""State"": ""DewarLevel_State""}, ""Name"": ""package_12"", ""RecoverAutofillBelowpackage_17"": 137.0, ""SralReset"": {""CommandPrimitiveName"": ""SRALReset_Command"", ""CommandTimeout"": 3.0, ""Name"": ""SRAL reset package_12"", ""StatePrimitiveName"": ""SRALReset_State""}}, ""DewarTripLevels"": {""CompartmentName"": ""package_12"", ""FillPossible"": {""Hysteresis"": 2.0, ""Name"": ""FillPossible"", ""Primitive"": ""DewarLevel_FillPossible_TM""}, ""Full"": {""Name"": ""Full"", ""Primitive"": ""DewarLevel_Full""}, ""Low"": {""Hysteresis"": 2.0, ""Name"": ""Low"", ""Primitive"": ""DewarLevel_Low_TM""}, ""SafetyValveCheck"": {""Name"": ""SafetyValveCheck"", ""Primitive"": ""DewarLevel_SafetyCheck""}, ""SafetyValveCheckMax"": {""Name"": ""SafetyValveCheckMax"", ""Primitive"": ""DewarLevel_SafetyCheckMax""}, ""Stop"": {""Name"": ""Stop"", ""Primitive"": ""DewarLevel_Stop""}}, ""ErrorHandling"": {""ClearTimeout"": 2.0, ""FillingCommandName"": ""DewarFill_Command"", ""FillingStateName"": ""DewarFill_State"", ""FirmwareErrors"": {""ActualStateName"": ""Actualpackage_17ApplicationErrors_State"", ""ClearCommandName"": ""ClearLatchedpackage_17ApplicationErrors_Command"", ""LatchedStateName"": ""Latchedpackage_17ApplicationErrors_State""}, ""SralErrors"": {""ActualStateName"": ""SRAL_REG_Read"", ""ClearCommandName"": """", ""LatchedStateName"": """"}}, ""LN2MainValve"": {""CommandPrimitiveName"": ""LN2MainValve_Command"", ""Name"": ""LN2 MainValve"", ""StatePrimitiveName"": ""LN2MainValve_State"", ""Timeout"": 2.0}, ""LN2SafetyValve"": {""CommandPrimitiveName"": ""LN2SafetyValve_Command"", ""Name"": ""LN2 SafetyValve"", ""StatePrimitiveName"": ""LN2SafetyValve_State"", ""Timeout"": 2.0}, ""LN2Timeouts"": {""CompartmentName"": ""package_12"", ""MainValveCheck"": {""Name"": ""MainValveCheck"", ""Primitive"": ""DewarTimeout_MainValveCheck""}, ""SafetyValveCheck"": {""Name"": ""SafetyValveCheck"", ""Primitive"": ""DewarTimeout_SafetyValveCheck""}, ""StabilizationBeforeCheck"": {""Name"": ""StabilizationBeforeCheck"", ""Primitive"": ""DewarTimeout_LevelStabilization""}, ""TenPercentInrease"": {""Name"": ""TenPercentInrease"", ""Primitive"": ""DewarTimeout_LevelIncrease""}}, ""LifecycleWatchdogConfiguration"": {""CommWatchdogCommandName"": ""CommWatchdog_Command"", ""CommWatchdogCurrentTimeName"": ""CommWatchdog_CurrentTime"", ""CommWatchdogMaxTimeName"": ""CommWatchdog_MaxTime"", ""CommWatchdogStateName"": ""CommWatchdog_State"", ""CommWatchdogTimerResetPeriod"": 20.0}, ""package_17Sensors"": [{""Adc"": ""Dewarpackage_17"", ""Mandatory"": true, ""Name"": ""Dewar"", ""State"": ""Dewarpackage_17_State""}, {""Adc"": ""package_5Holderpackage_17"", ""Mandatory"": true, ""Name"": ""Compupackage_5 holder tip"", ""State"": ""package_5Holderpackage_17_State""}]}}"
service_18,microservice,"{""interfaces"": [""package_1.package_2.interface_54""], ""parameters"": {""AppConfig"": {""CrtGripperOptSensorInvVoltageScalingFactor"": 0.2}, ""FirmwareConfigurationSupported"": false, ""ScuApplicationName"": ""package_3"", ""ScuLogicalName"": ""package_3""}}"
service_19,microservice,"{""interfaces"": [""package_1.package_2.interface_54""], ""parameters"": {""FirmwareConfigurationSupported"": false, ""ScuApplicationName"": ""package_12Dewar"", ""ScuLogicalName"": ""package_12Dewar"", ""package_12DewarConfigs"": {""Placeholder"": ""placeholder""}}}"
service_20,microservice,"{""interfaces"": [], ""parameters"": {}}"
service_21,microservice,"{""interfaces"": [], ""parameters"": {""CapsuleAttachTimeout"": 10.0, ""CartridgeArmDefrost"": {""CryoTargetpackage_17"": 118.0, ""CryoTargetpackage_17Timeout"": 3600, ""SignalStrengthNone"": 2.0, ""SignalStrengthPositionStep"": 0.0001, ""SignalStrengthVeryWeak"": 2.25, ""SignalStrengthWeakFraction"": 0.5, ""StabilizationDelay"": 30, ""SublimationTargetpackage_17"": 180.0, ""SublimationTargetpackage_17Timeout"": 43200, ""WarmUpPosition"": 0.005, ""package_17MeasurementPeriod"": 30.0}, ""CassetteGripperCoolingInCapsuleTime"": 0.1, ""CompensationLimits"": {""Maximumpackage_17"": 350, ""Minimumpackage_17"": 0}, ""RecoverOnStartup"": true, ""package_11CapsuleConditioningTimeout"": 600}}"
service_22,microservice,"{""interfaces"": [""package_3.package_6.package_11.package_12.interface_27"", ""package_3.package_6.package_10.package_11.package_12.interface_55""], ""parameters"": null}"
service_23,microservice,"{""interfaces"": [""package_3.package_6.package_5.interface_7"", ""package_3.package_6.package_10.package_5.interface_56""], ""parameters"": null}"
service_24,microservice,"{""interfaces"": [""package_23.interface_57"", ""package_23.interface_58"", ""package_23.interface_59""], ""parameters"": null}"
package_3,package,"{""parent"": ""service_10""}"
package_3/package_24,package,"{""parent"": ""service_10""}"
package_3/package_25,package,"{""parent"": ""service_10""}"
package_3/package_26,package,"{""parent"": ""service_10""}"
package_3/package_27,package,"{""parent"": ""service_10""}"
package_3/package_14,package,"{""parent"": ""service_10""}"
package_3/package_28,package,"{""parent"": ""service_10""}"
package_3/package_29,package,"{""parent"": ""service_10""}"
package_3/package_30,package,"{""parent"": ""service_10""}"
package_3/package_31,package,"{""parent"": ""service_10""}"
package_3/package_32,package,"{""parent"": ""service_10""}"
package_3/package_33,package,"{""parent"": ""service_10""}"
package_34/package_35,package,"{""parent"": ""service_10""}"
"function_77(org.eclipse.cdt.internal.core.dom.parser.ProblemType@2f75a9b1,org.eclipse.cdt.internal.core.dom.parser.ProblemType@2f75a9b1)",function,"{""parent"": ""package_3""}"
function_78(org.eclipse.cdt.internal.core.dom.parser.ProblemType@2f75a9b1),function,"{""parent"": ""package_3""}"
function_79(std::string),function,"{""parent"": ""package_3""}"
function_80(std::string),function,"{""parent"": ""package_3""}"
function_81(),function,"{""parent"": ""package_3""}"
"function_82(!=)(const.%3F.&,const.%3F.&)",function,"{""parent"": ""package_3""}"
"function_82(==)(const.%3F.&,const.%3F.&)",function,"{""parent"": ""package_3""}"
function_41(org.eclipse.cdt.internal.core.dom.parser.ProblemType@2f75a9b1),function,"{""parent"": ""package_3/package_24""}"
function_59(),function,"{""parent"": ""package_3/package_24""}"
function_59(const.std::unique_lock%3Cstd::mutex%3E.&),function,"{""parent"": ""package_3/package_24""}"
function_83(const.%3F.&),function,"{""parent"": ""package_3/package_24""}"
function_84(),function,"{""parent"": ""package_3/package_24""}"
function_85(),function,"{""parent"": ""package_3/package_24""}"
function_86(),function,"{""parent"": ""package_3/package_24""}"
function_87(),function,"{""parent"": ""package_3/package_24""}"
function_88(),function,"{""parent"": ""package_3/package_24""}"
function_89(),function,"{""parent"": ""package_3/package_24""}"
function_90(),function,"{""parent"": ""package_3/package_24""}"
function_91(),function,"{""parent"": ""package_3/package_24""}"
function_92(),function,"{""parent"": ""package_3/package_24""}"
function_93(),function,"{""parent"": ""package_3/package_24""}"
function_94(),function,"{""parent"": ""package_3/package_24""}"
function_95(),function,"{""parent"": ""package_3/package_24""}"
function_96(),function,"{""parent"": ""package_3/package_24""}"
function_97(org.eclipse.cdt.internal.core.dom.parser.ProblemType@2f75a9b1),function,"{""parent"": ""package_3/package_24""}"
function_98(),function,"{""parent"": ""package_3/package_24""}"
function_99(),function,"{""parent"": ""package_3/package_24""}"
function_100(),function,"{""parent"": ""package_3/package_24""}"
function_101(org.eclipse.cdt.internal.core.dom.parser.ProblemType@2f75a9b1),function,"{""parent"": ""package_3/package_24""}"
function_102(std::string),function,"{""parent"": ""package_3/package_24""}"
function_103(org.eclipse.cdt.internal.core.dom.parser.ProblemType@2f75a9b1),function,"{""parent"": ""package_3/package_24""}"
function_53(org.eclipse.cdt.internal.core.dom.parser.ProblemType@2f75a9b1),function,"{""parent"": ""package_3/package_24""}"
function_54(org.eclipse.cdt.internal.core.dom.parser.ProblemType@2f75a9b1),function,"{""parent"": ""package_3/package_24""}"
function_32(org.eclipse.cdt.internal.core.dom.parser.ProblemType@2f75a9b1),function,"{""parent"": ""package_3/package_24""}"
function_43(org.eclipse.cdt.internal.core.dom.parser.ProblemType@2f75a9b1),function,"{""parent"": ""package_3/package_24""}"
function_69(org.eclipse.cdt.internal.core.dom.parser.ProblemType@2f75a9b1),function,"{""parent"": ""package_3/package_24""}"
function_104(bool),function,"{""parent"": ""package_3/package_24""}"
"function_104(bool,bool)",function,"{""parent"": ""package_3/package_24""}"
function_62(org.eclipse.cdt.internal.core.dom.parser.ProblemType@2f75a9b1),function,"{""parent"": ""package_3/package_24""}"
function_105(org.eclipse.cdt.internal.core.dom.parser.ProblemType@2f75a9b1),function,"{""parent"": ""package_3/package_25""}"
"function_106(org.eclipse.cdt.internal.core.dom.parser.ProblemType@2f75a9b1,org.eclipse.cdt.internal.core.dom.parser.ProblemType@2f75a9b1)",function,"{""parent"": ""package_3/package_25""}"
function_107(org.eclipse.cdt.internal.core.dom.parser.ProblemType@2f75a9b1),function,"{""parent"": ""package_3/package_25""}"
function_108(org.eclipse.cdt.internal.core.dom.parser.ProblemType@2f75a9b1),function,"{""parent"": ""package_3/package_25""}"
"function_109(org.eclipse.cdt.internal.core.dom.parser.ProblemType@2f75a9b1,const.%3F.&,org.eclipse.cdt.internal.core.dom.parser.ProblemType@2f75a9b1)",function,"{""parent"": ""package_3/package_25""}"
"function_110(org.eclipse.cdt.internal.core.dom.parser.ProblemType@2f75a9b1,org.eclipse.cdt.internal.core.dom.parser.ProblemType@2f75a9b1)",function,"{""parent"": ""package_3/package_25""}"
function_111(bool),function,"{""parent"": ""package_3/package_25""}"
function_112(org.eclipse.cdt.internal.core.dom.parser.ProblemType@2f75a9b1),function,"{""parent"": ""package_3/package_25""}"
"function_113(org.eclipse.cdt.internal.core.dom.parser.ProblemType@2f75a9b1,org.eclipse.cdt.internal.core.dom.parser.ProblemType@2f75a9b1,org.eclipse.cdt.internal.core.dom.parser.ProblemType@2f75a9b1,org.eclipse.cdt.internal.core.dom.parser.ProblemType@2f75a9b1,org.eclipse.cdt.internal.core.dom.parser.ProblemType@2f75a9b1,org.eclipse.cdt.internal.core.dom.parser.ProblemType@2f75a9b1)",function,"{""parent"": ""package_3/package_25""}"
function_114(std::string),function,"{""parent"": ""package_3/package_26""}"
function_115(),function,"{""parent"": ""package_3/package_27""}"
function_116(std::string),function,"{""parent"": ""package_3/package_27""}"
function_117(),function,"{""parent"": ""package_3/package_27""}"
"function_118(const.std::basic_string%3Cchar,std::char_traits%3Cchar%3E,std::allocator%3Cchar%3E%3E.&,const.std::basic_string%3Cchar,std::char_traits%3Cchar%3E,std::allocator%3Cchar%3E%3E.&)",function,"{""parent"": ""package_3/package_27""}"
function_119(org.eclipse.cdt.internal.core.dom.parser.ProblemType@2f75a9b1),function,"{""parent"": ""package_3/package_14""}"
function_120(org.eclipse.cdt.internal.core.dom.parser.ProblemType@2f75a9b1),function,"{""parent"": ""package_3/package_14""}"
function_82(*)(org.eclipse.cdt.internal.core.dom.parser.ProblemType@2f75a9b1),function,"{""parent"": ""package_3/package_14""}"
function_82(++)(%3F.&),function,"{""parent"": ""package_3/package_14""}"
function_121(),function,"{""parent"": ""package_3/package_28""}"
function_122(org.eclipse.cdt.internal.core.dom.parser.ProblemType@2f75a9b1),function,"{""parent"": ""package_3/package_28""}"
function_123(org.eclipse.cdt.internal.core.dom.parser.ProblemType@2f75a9b1),function,"{""parent"": ""package_3/package_28""}"
function_124(org.eclipse.cdt.internal.core.dom.parser.ProblemType@2f75a9b1),function,"{""parent"": ""package_3/package_28""}"
function_125(org.eclipse.cdt.internal.core.dom.parser.ProblemType@2f75a9b1),function,"{""parent"": ""package_3/package_28""}"
function_126(org.eclipse.cdt.internal.core.dom.parser.ProblemType@2f75a9b1),function,"{""parent"": ""package_3/package_28""}"
"function_127(org.eclipse.cdt.internal.core.dom.parser.ProblemType@2f75a9b1,org.eclipse.cdt.internal.core.dom.parser.ProblemType@2f75a9b1)",function,"{""parent"": ""package_3/package_28""}"
"function_128(org.eclipse.cdt.internal.core.dom.parser.ProblemType@2f75a9b1,org.eclipse.cdt.internal.core.dom.parser.ProblemType@2f75a9b1)",function,"{""parent"": ""package_3/package_28""}"
function_129(const.%3F.&),function,"{""parent"": ""package_3/package_28""}"
"function_130(org.eclipse.cdt.internal.core.dom.parser.ProblemType@2f75a9b1,org.eclipse.cdt.internal.core.dom.parser.ProblemType@2f75a9b1)",function,"{""parent"": ""package_3/package_28""}"
function_105(org.eclipse.cdt.internal.core.dom.parser.ProblemType@2f75a9b1),function,"{""parent"": ""package_3/package_29""}"
"function_106(org.eclipse.cdt.internal.core.dom.parser.ProblemType@2f75a9b1,org.eclipse.cdt.internal.core.dom.parser.ProblemType@2f75a9b1)",function,"{""parent"": ""package_3/package_29""}"
function_107(org.eclipse.cdt.internal.core.dom.parser.ProblemType@2f75a9b1),function,"{""parent"": ""package_3/package_29""}"
function_108(org.eclipse.cdt.internal.core.dom.parser.ProblemType@2f75a9b1),function,"{""parent"": ""package_3/package_29""}"
"function_109(org.eclipse.cdt.internal.core.dom.parser.ProblemType@2f75a9b1,const.%3F.&,org.eclipse.cdt.internal.core.dom.parser.ProblemType@2f75a9b1)",function,"{""parent"": ""package_3/package_29""}"
"function_110(org.eclipse.cdt.internal.core.dom.parser.ProblemType@2f75a9b1,org.eclipse.cdt.internal.core.dom.parser.ProblemType@2f75a9b1)",function,"{""parent"": ""package_3/package_29""}"
function_111(bool),function,"{""parent"": ""package_3/package_29""}"
function_112(org.eclipse.cdt.internal.core.dom.parser.ProblemType@2f75a9b1),function,"{""parent"": ""package_3/package_29""}"
"function_113(org.eclipse.cdt.internal.core.dom.parser.ProblemType@2f75a9b1,org.eclipse.cdt.internal.core.dom.parser.ProblemType@2f75a9b1,org.eclipse.cdt.internal.core.dom.parser.ProblemType@2f75a9b1,org.eclipse.cdt.internal.core.dom.parser.ProblemType@2f75a9b1,org.eclipse.cdt.internal.core.dom.parser.ProblemType@2f75a9b1,org.eclipse.cdt.internal.core.dom.parser.ProblemType@2f75a9b1)",function,"{""parent"": ""package_3/package_29""}"
"function_113(std::string,std::string,org.eclipse.cdt.internal.core.dom.parser.ProblemType@2f75a9b1,std::string,std::string,std::map%3Cstring,string,less%3Cstring%3E,allocator%3Cpair%3Cconst%20string,string%3E%3E%3E)",function,"{""parent"": ""package_3/package_29""}"
function_131(),function,"{""parent"": ""package_3/package_30""}"
function_132(),function,"{""parent"": ""package_3/package_30""}"
"function_133(const.%3F.&,%3F.&,org.eclipse.cdt.internal.core.dom.parser.ProblemType@2f75a9b1,org.eclipse.cdt.internal.core.dom.parser.ProblemType@2f75a9b1)",function,"{""parent"": ""package_3/package_30""}"
"function_134(const.%3F.&,%3F.&)",function,"{""parent"": ""package_3/package_30""}"
"function_135(const.%3F.&,%3F.&,std::string)",function,"{""parent"": ""package_3/package_30""}"
"function_136(const.%3F.&,%3F.&)",function,"{""parent"": ""package_3/package_30""}"
"function_137(const.%3F.&,%3F.&,org.eclipse.cdt.internal.core.dom.parser.ProblemType@2f75a9b1,org.eclipse.cdt.internal.core.dom.parser.ProblemType@2f75a9b1)",function,"{""parent"": ""package_3/package_30""}"
"function_138(const.%3F.&,%3F.&,const.%3F.&,%3F.&)",function,"{""parent"": ""package_3/package_30""}"
function_139(),function,"{""parent"": ""package_3/package_31""}"
function_140(),function,"{""parent"": ""package_3/package_31""}"
function_141(),function,"{""parent"": ""package_3/package_31""}"
function_142(),function,"{""parent"": ""package_3/package_31""}"
function_143(std::string),function,"{""parent"": ""package_3/package_31""}"
function_144(),function,"{""parent"": ""package_3/package_31""}"
function_145(),function,"{""parent"": ""package_3/package_31""}"
"function_146(std::string,std::string,org.eclipse.cdt.internal.core.dom.parser.ProblemType@2f75a9b1,std::string,std::string,std::map%3Cstring,string,less%3Cstring%3E,allocator%3Cpair%3Cconst%20string,string%3E%3E%3E)",function,"{""parent"": ""package_3/package_32""}"
"function_147(const.std::map%3Cstd::basic_string%3Cchar,std::char_traits%3Cchar%3E,std::allocator%3Cchar%3E%3E,A::SystemConfig::Entry,std::less%3Cstd::basic_string%3Cchar,std::char_traits%3Cchar%3E,std::allocator%3Cchar%3E%3E%3E,std::allocator%3Cstd::pair%3Cconst.std::basic_string%3Cchar,std::char_traits%3Cchar%3E,std::allocator%3Cchar%3E%3E,A::SystemConfig::Entry%3E%3E%3E.&)",function,"{""parent"": ""package_3/package_32""}"
function_148(),function,"{""parent"": ""package_3/package_32""}"
function_149(),function,"{""parent"": ""package_3/package_33""}"
"function_150(org.eclipse.cdt.internal.core.dom.parser.ProblemType@2f75a9b1,org.eclipse.cdt.internal.core.dom.parser.ProblemType@2f75a9b1)",function,"{""parent"": ""package_3/package_33""}"
"function_151(const.std::basic_string%3Cchar,std::char_traits%3Cchar%3E,std::allocator%3Cchar%3E%3E.&)",function,"{""parent"": ""package_34/package_35""}"
